target_index,sample_domain,sample_id,src,ref
1,news,aj-english.33941,"The incident comes after increase in numbers of refugees and asylum seekers crossing the Channel to the UK in boats. Police have arrested 15 people after an anti-refugee demonstration outside a hotel used to house asylum seekers turned violent near the English city of Liverpool. The Merseyside Police department said a police officer and two civilians sustained minor injuries during the disturbance on Friday night in Knowsley. The police force said some protesters threw objects and set a police van on fire. The people arrested, who ranged in age from 13 to 54, were detained ""following violent disorder."" Merseyside police commissioner Emily Spurrell told Radio City, ""It was incredibly dangerous and there were a couple of injuries amongst the police officers.""","Der Vorfall ereignet sich, nachdem sich die Zahl der Flüchtlinge und Asylbewerber, die den Ärmelkanal nach Großbritannien in Booten überqueren, ansteigt. Die Polizei hat 15 Menschen verhaftet, nachdem Anti-Flüchtlingsdemonstrationen vor einem Hotel in der Nähe der englischen Stadt Liverpool, das verwendet wird, um Asylbewerber unterzubringen, gewalttätig wurden. Laut dem Polizeirevier von Merseyside erlitten ein Polizeibeamter und zwei Zivilisten während des Tumults am Freitagabend in Knowsley leichte Verletzungen. Die Polizei gab bekannt, dass einige Demonstranten Gegenstände warfen und einen Polizeiwagen anzündeten. Die verhafteten Menschen, die zwischen 13 und 54 Jahren alt waren, wurden „aufgrund von gewalttätigen Ausschreitungen“ inhaftiert. Die Polizeikommissarin von Merseyside Emily Spurrell äußerte gegenüber Radio City, „Es war unglaublich gefährlich und es gab einige Verletzte unter den Polizeibeamten.“"
6,news,bbc.124285,Derry City emerged victorious in the President's Cup as they ran out 2-0 winners over Shamrock Rovers. The FAI Cup holders defeated last season's league winners at the Brandywell thanks to first-half goals from Will Patching and Michael Duffy. The Hoops pushed to reduced terms in the second half but Ruaidhri Higgins' charges stood firm to win the curtain-raiser. Derry travel to St. Patrick's Athletic for the league opener next Friday. Patching's side-footed volley nudged Derry in front after 23 minutes - the midfielder opened the scoring as the Foylesider's ran out 2-1 winners over the eventual champions last February.,"Derry City ging siegreich aus dem President's Cup hervor, nachdem es mit 2: 0 gegen die Shamrock Rovers gewonnen hatte. Der Titelverteidiger des FAI Cup besiegte den Sieger der letzten Saison in Brandywell aufgrund Toren von Will Patching und Michael Duffy in der ersten Halbzeit. Die Hoops ließen in der zweiten Halbzeit nach, aber Ruaidhri Higgins Schüsse waren stark genug, um den Auftakt zu gewinnen. Derry reiste zu den St. Patrick's Athletics für das erste Spiel der Saison nächsten Freitag. Patchings seitlicher Volley schoss Derry nach 23 Minuten nach vorne – der Mittelfeldspieler erzielte das erste Tor, nachdem die Foylesider letzten Februar 2:1 gegen die späteren Meister gespielt hatten."
12,news,cbsnews.120102,Dad says daughter took her own life after being bullied at NJ school,"Der Vater sagt, die Tochter nahm sich das Leben, nachdem sie in einer Schule in New Jersey gemobbt wurde"
30,news,cnn.151755,"The Minnesota Department of Natural Resources came to the rescue of a bear-y unlucky bear after it became trapped in a ditch. The bear had hunkered down in a culvert alongside the road near Wannaska, Minnesota, according to a Facebook post from the department. But when the snow began to melt, the culvert started to flood, trapping the bear in deep snow and ice, according to the department. Staff from the department quickly responded to the scene and helped remove the bear. The department's bear biologist, Andrew Tri, ""examined the bear and pronounced him healthy but groggy - obviously, because he'd been woken up from his winter sleep,"" according to the Facebook post. The department then relocated the bear to a state sanctuary to resume his hibernation. The sleepy carnivore was estimated to be 6 years old and between 375 and 400 pounds.","Das Minnesota Department of Natural Resources kam einem sehr unglücklichen Bären zur Rettung, nachdem er sich in einem Graben verfangen hatte. Der Bär hatte sich in einem Abzugskanal entlang der Straße nahe Wannaska, Minnesota zurückgezogen, so ein Facebook-Beitrag des Department. Aber als der Schnee anfing zu schmelzen, stieg der Wasserpegel im Abzugskanal und der Bär wurde in tiefem Schnee und Eis eingeschlossen, sagte das Department. Mitarbeiter des Departments reagierten schnell und halfen dem Bären, zu entkommen. Der Bärenbiologe des Departments, Andrew Tri, „untersuchte den Bären und erklärte ihn für gesund, aber angeschlagen – offenbar, weil er aus seinem Winterschlag geweckt wurde“, so der Facebook-Beitrag. Das Department brachte den Bären dann in ein staatliches Schutzgebiet, damit er seinen Winterschlaf fortsetzen kann. Das müde Raubtier wurde auf 6 Jahre und zwischen 375 und 400 Pfund schwer geschätzt."
33,news,egyptindependent.com.11799,"The tombs of Djehuty and Hery have been inaugurated on Thursday following the completion of restoration work. The inauguration was conducted by the Secretary General of the Supreme Council of Antiquities in Egypt Mostafa Waziri, Ambassador of Span to Egypt Alvaro Iranzo, and the President of the Spanish National Research Council (CSIC), Eloísa del Pino. Waziri explained that the two tombs were discovered through the joint Egyptian-Spanish archaeological mission from the Supreme Council of Antiquities and CSIC, working since 2002. He said that the mission carried out excavation and restoration work and published research related to the tombs, which are located in the Dra Abu al-Naga area on the west bank of Luxor. They succeeded in uncovering many tombs, coffins, mummies and a funerary garden.","Die Gräber von Djehuti und Hery wurden am Donnerstag nach Abschluss der Restaurationsarbeiten eingeweiht. Die Einweihung wurde vom Generalsekretär des Obersten Rats für Altertümer von Ägypten, Mostafa Waziri, dem Botschafter Spaniens in Ägypten, Alvaro Iranzo, und der Präsidentin des Obersten Rats für wissenschaftliche Forschung Spaniens (CSIC), Eloísa del Pino, durchgeführt. Waziri erklärte, dass die zwei Gräber während eines gemeinsamen ägyptisch-spanischen archäologischen Einsatzes des Obersten Rat für Altertümer und des CSIC, die seit 2002 zusammenarbeiten, entdeckt wurden. Er sagte, dass die Mission Ausgrabungs- und Restaurationsarbeiten durchführte und Forschung bezüglich der Gräber, die sich in der Region Dra Abu al-Naga am westlichen Nilufer von Luxor befinden, veröffentlichte. Ihnen gelang es viele Gräber, Särge, Mumien und einen Begräbnisgarten freizulegen."
35,news,egyptindependent.com.11799,"Wazir explained that these two tombs belong to prominent people, who lived during the beginning of the 18th dynasty of the New Kingdom - one of the most important eras of ancient Egypt. He said that the layout of the tombs are T-shaped, a style commonly used in tombs from the 18th dynasty. These consistent of an entrance, a column hall leading to a burial shaft, and walls featuring distinct inscriptions. Waziri added that Djehuty was supervisor of the state treasury and overviewed works of craftsmen and artists during the reign of Queen Hatshepsut.","Wazir erklärte, dass diese Gräber bedeutenden Menschen gehören, die während dem Anfang der 18. Dynastie des Neuen Reichs lebten – einem der wichtigsten Zeitalter des Alten Ägyptens. Er sagte, dass der Grundriss der Gräber T-förmig ist, ein Stil, der häufig bei Gräber der 18. Dynastie verwendet wird. Diese besten aus einem Eingangsbereich, einem Säulensaal, der in einen Grabschaft führt, und Wänden, die eindeutige Inschriften zeigen. Waziri fügte hinzu, dass Djehuti Aufseher der Staatskasse war und die Arbeit von Handwerkern und Künstlern während der Herrschaft von Königin Hatschepsut überwachte."
38,news,guardian.114833,"The disgraced former MP Jared O'Mara ""should never have been selected as a Labour candidate"" and deserves his four-year jail sentence, the shadow chancellor has said. Rachel Reeves was talking to the Guardian in the Bolton North East constituency on Friday, hours after key figures in the local party quit in protest at how Labour's national executive committee (NEC) was controlling the parliamentary selection process for the next general election.","Der in Ungnade gefallene ehemalige Abgeordnete Jared O'Mara „hätte nie als Labour-Kandidat ausgewählt werden sollen“ und verdient seine vierjährige Haftstrafe, sagte die Schattenkanzlerin. Rachel Reeves sprach am Freitag im Wahlbezirk Bolton North East mit dem Guardian, nur wenige Stunden nachdem Schlüsselfiguren der örtlichen Partei ausgetreten waren, um gegen die Art, wie das von Labour geführte National Executive Committee (NEC) den parlamentarischen Auswahlprozess für die nächste Parlamentswahl kontrolliert hatte, zu protestieren."
40,news,guardian.114833,"There has been particular unhappiness that Leigh Drennan, the chair of Labour North West and aide to the Jeremy Corbyn-supporting Warrington North MP Charlotte Nichols, was not longlisted to try to win the seat back from the Conservatives, despite garnering nominations from four big trade unions. Reeves said she had nothing to do with candidate selection, but added: ""I do know that it's really important that we have rigorous processes for who can be longlisted and who can be shortlisted.""","Besondere Unzufriedenheit gab es damit, dass Leigh Drennan, der Vorsitzende von Labour North West und Berater der Warrington North-Abgeordneten Charlotte Nichols, die Jeremy Corbyn unterstützt, nicht auf die Longlist gesetzt wurde, um zu versuchen, Sitze von den Konservativen zurückzugewinnen, obwohl er von vier großen Gewerkschaften nominiert worden war. Reeves sagte, dass sie nichts mit der Auswahl der Kandidaten zu tun hatte, aber fügte hinzu: „Ich weiß, dass es sehr wichtig ist, dass wir strenge Prozesse dafür haben, wer auf die Longlist und wer auf die Shortlist gesetzt werden kann.“"
46,news,guardian.114893,"One person has been arrested amid a protest outside Tate Britain, where a drag queen storytelling event for children was being hosted. The Metropolitan police said one person was arrested on suspicion of making a racially aggravated comment towards a police officer outside the art gallery near Westminster. No injuries have been reported and officers remain at the scene, the force said.","Inmitten eines Protests vor der Tate Britain wurde eine Person verhaftet. Dort wurde eine Veranstaltung für Kinder, bei der eine Dragqueen Geschichten erzählte, veranstaltet. Laut der Metropolitan Police wurde eine Person festgenommen, weil sie verdächtigt wird, vor der Kunstgalerie in der Nähe von Westminster eine rassistische Äußerung gegenüber einem Polizeibeamten gemacht zu haben. Es wurden keine Verletzungen gemeldet und Beamte sind weiter vor Ort, so die Polizei."
50,news,huffingtonpost.com.50412,"Donald Trump's heavily mortgaged skyscraper at 40 Wall Street is on ""lender watch"" amid plummeting income and increasing costs, Bloomberg reported Friday. The vacancy rate at the 72-story building - Trump's most valuable - jumped to almost 18% in the third quarter of last year, according to a monthly filing on the building's remaining $126.5 million mortgage, Bloomberg reported. Expenses, meanwhile, have reportedly risen 11% since the origin of the 2015 mortgage. Trump has often bragged about the building he acquired in 1995, which was appraised at $540 million in 2015.","Donald Trumps mit hohen Hypotheken belasteter Wolkenkratzer auf der Wall Street 40 ist vor dem Hintergrund sinkenden Einkommens und wachsender Kosten unter „Kreditgeberbeobachtung“, berichtete Bloomberg am Freitag. Die Leerstandsquote des 72-stöckigen Gebäudes – Trumps wertvollstem – sprang im dritten Quartal des letzten Jahres laut einer monatlichen Einreichung über die verbleibende 126,5 Mio. $ hohe Hypothek auf fast 18 %, berichtete Bloomberg. Die Ausgaben sind Berichten zufolge währenddessen seit dem Beginn der Hypothek 2015 um 11 % gestiegen. Trump hat oft mit dem Gebäude geprahlt, das er 1995 erworben hat und das im Jahr 2015 auf einen Wert von 540 Mio. $ geschätzt wurde."
61,news,kazinform-en.24592,"GAZIANTEP.KAZINFORM - Kazakh rescuers continue digging through the rubble searching for survivors in Türkiye, Kazinform cites the press service of the Kazakh Emergency Situations Ministry. The work of the rescuers is hampered by large amounts of debris and unstable constructions. As of now, the Kazakhstani rescue team pulled out seven quake survivors and the bodies of 19 people, including one kid, in Türkiye. First medical aid is also provided on a round-the-clock basis. Notably, a 7.7 magnitude quake that devastated parts of southeast Türkiye and northern Syria hit early Monday. As of today, the death toll from massive quakes hit the southeast of Türkiye exceeded 20,000.","GAZIANTEP.KAZINFORM – Kasachische Retter graben sich in der Türkei weiterhin auf der Suche nach Überlebenden durch die Trümmer, so laut Kazinform der Pressedienst des kasachischen Ministeriums für Notsituationen. Die Arbeit der Retter wird von großen Mengen an Schutt und instabilen Bauten behindert. Bisher hat das kasachische Rettungsteam in der Türkei sieben Überlebende des Erdbebens und die Leichen von 19 Menschen, darunter ein Kind, geborgen. Medizinische Erstversorgung wird auch rund um die Uhr geleistet. Ein beachtliches Erdbeben von der Stärke 7,7, das südöstliche Teile der Türkei und nördliche Syriens verwüstete, ereignete sich am Montagmorgen. Bis heute überschreitet die Opferzahl des starken Erdbebens, das den Südosten der Türkei traf, bereits 20.000."
68,news,latimes.160867,"In July 2022, California officials charged Kilcher with two felony counts of workers"" compensation fraud, accusing her of illegally collecting more than $96,000 in disability benefits between October 2019 and September 2021. The time frame also includes several months when Kilcher worked on ""Yellowstone,"" despite the actor's claims that she was too injured to work. Kilcher self-surrendered and was arraigned in May.","Im Juli 2022 klagten kalifornische Beamte Kilcher wegen zwei Straftaten im Bezug auf Arbeitsunfallversicherungsbetrug an. Sie wurde beschuldigt, zwischen Oktober 2019 und September 2021 unerlaubt mehr als 96.000 $ Invaliditätsleistungen erhalten zu haben. Dieser Zeitraum beinhaltet auch einige Monate, in denen Kilcher an „Yellowstone“ arbeitete, obwohl die Schauspielerin behauptete, sie wäre zu verletzt gewesen, um zu arbeiten. Kilcher stellte sich und wurde im Mai vor Gericht gestellt."
77,news,leadership-en.43063,"It's Fake News, CBN Debunks Claim It Lacks Capacity To Print More New Naira Notes","Es ist eine Falschmeldung, CBN dementiert die Behauptung, dass sie keine Kapazitäten habe, um mehr neue Naira-Banknoten zu drucken"
80,news,metro.co.uk.66063,Tim Sherwood tears into £44m signing Pedro Porro after dismal Tottenham debut,Tim Sherwood kritisiert 44 Mio. Pfund teure Verpflichtung von Pedro Porro nach katastrophalem Debüt bei Tottenham
85,news,msnbc.11229,Jack Smith should win any privilege fight over Mike Pence subpoena,Jack Smith müsste jeglichen Rechtsstreit um die Vorladung von Mike Pence gewinnen
97,news,pa.35733,Biden DOJ 'Doesn't Want an Armed Citizenry',Bidens Justizministerium „will keine bewaffneten Bürger“
113,news,seattle_times.570827,East Germany's last communist leader dies at 95,Letzter Vorsitzender des Ministerrats der DDR stirbt im Alter von 95 Jahren
129,news,thelocal.17459,IN NUMBERS: The Oslo boroughs where the most foreigners live,IN ZAHLEN: Die Osloer Stadtteile mit der höchsten Ausländerzahl
131,news,thelocal.17459,"Africans made up the third largest group of immigrants in Oslo, with 28,020 people from Africa living in Oslo. Europeans from countries that aren't part of the UK, EU or EEA were the fourth largest group, accounting for 15,566 Oslo residents. From here, the size of the groups drops significantly. For example, there were just shy of 7,000 citizens from South American countries in 2022, while there was a smidge over 3,000 nationals hailing from North and Central America. Meanwhile, there were less than 700 people from Oceania in Oslo.","Afrikaner bildeten die drittgrößte Einwanderergruppe in Oslo, mit 28.020 Personen aus Afrika, die in Oslo leben. Europäer aus Ländern, die nicht Teil des Vereinigten Königreichs, der EU oder des EWR sind, waren die viertgrößte Gruppe, mit 15.566 Einwohnern in Oslo. Ab hier nimmt die Größe der Gruppen deutlich ab. Beispielsweise gab es 2022 nur knapp 7.000 Bürger aus südamerikanischen Ländern und gerade mal etwas über 3.000 Staatsangehörige aus Nord- und Mittelamerika. Aus Ozeanien lebten weniger als 700 Personen in Oslo."
139,social,aaronsgiles.110351251990540992,The hacked up version of Jedi Knight was crashing because it was calling a function off the end of a vtable.,"Die gehackte Version von Jedi Knight stürzte ab, weil sie eine Funktion am Ende einer Tabelle mit virtuellen Methoden aufrief."
146,social,AdrianRiskin.110351010944540000,"This is a very brief sketch of a plausible argument that theories of capitalism influencing the actual content of science are consistent with theories asserting the existence of objective scientific facts. It's *not* an argument in favor of the existence of objective scientific facts, which I don't believe in.","Dies ist eine sehr kurze Darstellung eines plausiblen Arguments, dass Theorien des Kapitalismus, die den tatsächlichen Inhalt der Wissenschaft beeinflussen, mit Theorien übereinstimmen, die die Existenz von objektiven wissenschaftlichen Fakten behaupten. Das ist *kein* Argument für die Existenz von objektiven wissenschaftlichen Fakten, an die ich nicht glaube."
157,social,ashanti-development-working-with-farming-communities-in-ghana.110350775326024000,"I was fortunate enough to spend a memorable six months alongside Nicholas in 2011 supporting a range of projects. When we caught up at the weekend I was chuffed to hear about progress, particularly with tree planting and farm support. Thousands of trees have been established and farmers have seen increased crop yields through a range of interventions from support with equipment purchases to training.","Ich hatte das Glück, 2011 sechs unvergessliche Monate an der Seite von Nicholas zu verbringen und eine Reihe von Projekten zu unterstützen. Als wir uns am Wochenende trafen, war ich hocherfreut vom Fortschritt zu erfahren, insbesondere beim Pflanzen von Bäumen und der Unterstützung der Landwirtschaft. Tausende Bäume wurden gepflanzt und die Bauern haben durch eine Reihe von Maßnahmen – von der Unterstützung beim Kauf von Geräten bis hin zu Schulungen – ihre Ernten steigern können."
167,social,b33fpebble.110351003098104000,"(fwiw, I've tried nearly every ""humane"" trap on the market with very little success. I'm not especially happy with killing them, but I won't be taking comments on the ethics of killing mice.)","(falls Sie es wissen wollen, ich habe so ziemlich jede „humane“ Falle auf dem Markt mit sehr geringem Erfolg ausprobiert. Ich bin nicht besonders glücklich, sie zu töten, aber ich werde mich auf keine Kommentare zur Ethik des Tötens von Mäusen einlassen.)"
169,social,bingofuel.110350529855184000,Sure they cut business taxes. But they also cut grants and tax credits that encourage more business activity.,"Ja, sie haben die Unternehmenssteuern gesenkt. Aber sie haben auch Zuschüsse und Steuergutschriften reduziert, die die Wirtschaft ankurbeln."
175,social,bright_helpings.110349824978800992,It's a thing I've never said before either.,"Das ist etwas, was ich auch noch nie zuvor gesagt habe."
186,social,chs.110349800361732992,"Early this morning, IR satellite and surface based observations indicated an expanding area of low stratus and patchy <URL>",Heute früh deuteten IR-Satelliten- und Oberflächenbeobachtungen hin auf ein sich ausbreitendes Gebiet mit Hochnebel und lückenhaftem <URL>
190,social,cogitoergocum.110347866403094000,One of the craziest parts about my neighbors turning against me is thinking about how much effort it takes to be hostile.,"Eines der verrücktesten Dinge daran, dass sich meine Nachbarn gegen mich gewendet haben, ist die Vorstellung darüber, wie viel Anstrengung es kostet, feindselig zu sein."
194,social,cogitoergocum.110347866403094000,They had keys to my apartment for 6+ years.,Sie hatten über 6 Jahre lang Schlüssel für meine Wohnung.
198,social,eli_oat.110350998292172992,"The Last of Us is an easy and canonical example of dad-ification. Joel uses his skills and ability to enact (extreme) acts of violence to accomplish a task that is coded as ""caring.""","The Last of Us ist ein einfaches und kanonisches Beispiel einer Vaterisierung. Joel nutzt sein Geschick und seine Fähigkeit, (extreme) Gewalttaten zu beschließen, um eine Aufgabe, die als „Fürsorge“ verschlüsselt ist, zu erfüllen."
216,social,gray17.110350774902091008,"It maybe has too many language subtleties. Need to translate it to Mandarin and/or Hokkien, neither of which I know at all.","Vielleicht hat es zu viele sprachliche Feinheiten. Muss es in Mandarin und/oder Hokkien übersetzen, von denen ich keine Ahnung habe."
218,social,Gwendolyn.110349819552196992,Been toying with this thought for a little while:,Mit diesem Gedanken schon eine Weile gespielt:
220,social,Gwendolyn.110349819552196992,"Intersex is even recognized by TERFs and the like because it's generally more physical and, as such, visible. In the same way that mental health is seen as less ""real"" than physical health by many, I kind of feel that being trans is merely intersex of the mind.","Zwischengeschlechtlichkeit wird sogar vom TERF und dergleichen anerkannt, da sie im Allgemeinen eher körperlich und somit sichtbar ist. Genauso wie mentale Gesundheit von vielen als weniger „real“ als körperliche Gesundheit angesehen wird, habe ich irgendwie das Gefühl, dass transsexuell zu sein nur eine Zwischengeschlechtlichkeit im Geist ist."
221,social,Gwendolyn.110349819552196992,"The more I read of studies on sex, gender, psychology, the more the statement of ""My sex is male, my gender is female"" seems simplistic and inaccurate. It almost seems like ceding part of an argument to TERFs. I feel that to be trans is to be ""biologically non-binary"". My sex is non-binary, my gender is female.","Je mehr ich über Studien zu Sex, Geschlecht und Psychologie lese, desto eher scheint die Aussage „Ich bin männlich, mein Geschlecht ist weiblich“ vereinfacht und ungenau zu sein. Es scheint fast, als würde man einen Teil der These dem TERF überlassen. Ich denke, dass transsexuell zu sein bedeutet, „biologisch nicht-binär“ zu sein. Ich bin nicht-binär, mein Geschlecht ist weiblich."
231,social,hmhackmaster.110350770620187008,I don't know exactly know why my brain can't figure it out; it might be that the tools are just so broad and vague that my brain just hardlocks due to 'too many options'.,"Ich weiß nicht genau, warum mein Gehirn das nicht herausfinden kann; vielleicht sind die Werkzeuge einfach so umfangreich und vage, dass mein Gehirn aufgrund von „zu vielen Optionen“ einfach abschaltet."
235,social,hupfen.110347875196018000,...And that's how I found myself having to sort out a raid group roster.,"… Und so kam es, dass ich eine Raid-Gruppenliste ausarbeiten musste."
236,social,imtheq.110350767978472992,"I was a voracious reader in my youth. Then, life crushed my soul and I lost all my passion for fiction and great storytelling.",In meiner Jugend war ich ein unersättlicher Leser. Dann hat das Leben meine Seele zerstört und ich habe all meine Leidenschaft für Literatur und tolle Erzählungen verloren.
245,social,jacobyaudio.110351243790971008,These headlines and articles usually reference one CEO at one large company. It's all clickbait but it does worry me about the executives and managers who read these articles.,"Diese Schlagzeilen und Artikel beziehen sich normalerweise auf einen CEO bei einem großen Unternehmen. Es ist alles Clickbaiting, aber ich mache mir Sorgen um die Führungskräfte und Manager, die diese Artikel lesen."
246,social,jacobyaudio.110351243790971008,There was remote work prior to 2020. There are still going to be jobs that can be accomplished remotely for the foreseeable future.,"Es gab schon vor 2020 Fernarbeit. Es wird auch weiterhin Jobs geben, die in absehbarer Zukunft aus der Ferne ausgeführt werden können."
257,social,krinkle.110351251103976000,"This is for Wikipedia's component library (OOUI). It is mostly semantic HTML with CSS, and generally does not require custom elements (which offers connectedCallback).",Dies ist für Wikipedias Komponentenbibliothek (OOUI). Es ist vor allem semantisches HTML mit CSS und erfordert im Allgemeinen keine benutzerdefinierten Elemente (die connectedCallback bietet).
259,social,legumancer.110349589436907008,"Casper the #rat is an absolute unit these days. I think my new job has been good for him - two free roams a day while I work, at fairly predictable times.","Casper, die #rat, ist in diesen Tagen absolut einzigartig. Ich glaube, mein neuer Job hat ihr gutgetan – zweimal am Tag darf sie sich austoben, während ich arbeite, zu ziemlich vorhersehbaren Zeiten."
270,social,manlycoffee.110351250115060992,"Curious, I kept an open mind to compare how Google Maps and Apple Maps compare, on my test iPhone device (my daily driver is an Android device, so it's rare that I use an iPhone).","Neugierig geworden wollte ich vorurteilslos sein und auf meinem Test-iPhone sehen, wie Google Maps und Apple Maps im Vergleich abschneiden (mein täglicher Fahrer ist ein Android-Gerät, ich benutze also nur selten ein iPhone)."
276,social,manlycoffee.110351250115060992,Could it be that Google Search is integrated with Google Maps?,"Könnte es sein, dass die Google Suche in Google Maps integriert ist?"
284,social,MLClark.110350771110364992,I often wonder at the human capacity to be *so* down on oneself while inundated by so much evidence of what actual cruelty looks like.,"Ich wundere mich oft über die menschliche Fähigkeit, *so* selbstkritisch zu sein, während man mit so vielen Belegen für echte Grausamkeit überflutet wird."
291,social,mo8it.110349823511154000,"Me extracting functionality of my #Axum projects into shared libraries: ""Hold my keyboard"" :partyparrot: :helix: :ferrisdance:",Ich beim Extrahieren der Funktionen meiner #Axum Projekte in gemeinsame Bibliotheken: „Halte meine Tastatur“ :partyparrot: :helix: :ferrisdance:
294,social,mo8it.110349823511154000,How would you share personal libraries?,Wie würdest du persönliche Bibliotheken teilen?
295,social,mollysdailykiss.110351012770036000,"The prompt this week on Revelations is Stay up all night. I have been toying with this little piece on my head for a few days now. It is definitely more romance than filth. Maybe I have been reading to many romances with impossible 'meet cutes' and this is the result, but I like it. Also one day I am totally gonna do the mile high orgasm, maybe not with a str","Das Mottor in dieser Woche bei Revelations heißt Bleib die ganze Nacht auf. Ich habe schon ein paar Tage lang mit diesem kleinen Stück in meinem Kopf gespielt. Es ist auf jeden Fall eher romantisch als schmutzig. Vielleicht habe ich zu viele Romanzen mit unmöglichen „niedlichen Treffen“ gelesen und das ist das Ergebnis, aber ich mag es. Außerdem will ich eines Tages auf jeden Fall einen Orgasmus im Flugzeug haben, vielleicht nicht mit einem Str"
307,social,objects.110351011900664992,"It's weird doing weightlifting but also having no real clue what your one-rep-max is, cus that's one of the key ways people track their progress. I work out alone in my bedroom without a spotter or even a weight rack. Just me and a barbell with a bunch of weights. I bench press on my bed. If I try and figure out my one rep max is I might not own enough weights to max out, or conversely it could seriously injure/kill me. Anyway, load is going up today. Still feels good.","Es ist verrückt, Gewichtheben zu machen, aber auch keine wirkliche Ahnung zu haben, was dein Ein-Wiederholungs-Maximum ist, weil das eine der Hauptmethoden ist, wie Leute ihren Fortschritt verfolgen. Ich trainiere alleine in meinem Schlafzimmer, ohne Betreuer oder gar einen Hantelständer. Nur ich und eine Langhantel mit einem Haufen Gewichte. Ich mache Bankdrücken auf meinem Bett. Wenn ich versuche, mein Ein-Wiederholungs-Maximum herauszufinden, habe ich wahrscheinlich nicht genug Gewichte, um mein Maximum zu erreichen, oder umgekehrt könnte ich mich ernsthaft verletzen/umbringen. Egal, heute packe ich noch ein paar Gewichte drauf. Fühlt sich immer noch gut an."
308,social,pamela.110349799698679008,I swear burrata didn't exist five years ago,"Ich schwöre, Burrata gab es vor fünf Jahren noch nicht"
312,social,peterdrake.110350524387664000,"This would be mainly for web browsing, occasional email, and some games.","Das wäre hauptsächlich zum Surfen im Internet, ab und zu für E-Mails und einige Spiele."
324,social,riesling.110349809063676992,"I quite like akkoma the software and the domain name I got for my instance. But I feel somehow I started this instance on the wrong foot, so to speak. And I never got comfy there. Will still linger a bit longer on here and think about whether I should migrate at all.","Ich finde akkoma, die Software und den Domainnamen, den ich für meine Instanz bekommen habe, ziemlich gut. Aber ich habe das Gefühl, dass ich diese Instanz sozusagen auf dem falschen Fuß angefangen habe. Und ich habe mich damit nie wohlgefühlt. Ich werde noch ein bisschen länger hier verweilen und darüber nachdenken, ob ich überhaupt migrieren sollte."
325,social,RogerBW.110350523854584992,#FalconGameBooks,#FalconGameBooks
331,social,seperis.110347877773316992,"I have literally tried and dropped EVERY SINGLE ONE. And up until like two years ago, I had no idea until I checked my transcripts.","Ich habe wirklich JEDEN EINZELNEN versucht und fallen gelassen. Und bis vor ungefähr zwei Jahren hatte ich keine Ahnung, bis ich meine Transkripte überprüfte."
334,social,Splodgenoodles.110347870538880000,"And that's also even though I haven't slept as well here for the last two nights as I do at home, and get a little #MECFS ed out from simply being in a strange environment where I'm less able to pace myself and have to remember where things are.","Und das auch, obwohl ich hier in den letzten beiden Nächten nicht so gut geschlafen habe wie zu Hause und ein wenig #MECFS habe, weil ich mich einfach in einem fremden Umfeld befinde, in dem ich mich nicht so gut zurechtfinde und mir merken muss, wo was ist."
338,social,toze.110348403689403008,So I finally watched #Heartstopper,Ich habe mir endlich #Heartstopper angeschaut
344,social,viridian.110348408105752000,"Every artist has been there, made the same mistakes. Good critique is there to correct the problem quickly, and isn't directed at your ability. It's assuming you have the ability to fix the problem, or find a solution.","Jeder Künstler war schon einmal an diesem Punkt, hat die gleichen Fehler gemacht. Gute Kritik hilft, das Problem schnell zu beheben, und richtet sich nicht gegen deine Fähigkeiten. Vorausgesetzt, dass du das Problem beheben oder eine Lösung finden kannst."
346,social,whknott.110348170320643008,"Jami slipped the note to him when they passed each other on the path, just before the dog watch. She was on her way to the wall, he was coming off duty. He glanced behind him to watch her go, and to make sure they hadn't been seen. She did not look back. He waited until he was in the darkness of the bunk room before he pulled the note out and read it in a beam of light coming through the blackout curtains. One block-printed word. He spent a long time staring at it, trying to stay calm:","Jami gab ihm den Zettel, als sie kurz vor der Hundewache auf dem Weg aneinander vorbeigingen. Sie war auf dem Weg zur Wand, er hatte gerade Feierabend. Er schaute hinter sich, um sie gehen zu sehen und um sicherzugehen, dass sie nicht gesehen wurden. Sie drehte sich nicht um. Er wartete, bis er in der Dunkelheit der Koje angelangt war, bevor er den Zettel herauszog und ihn in einem Lichtstrahl las, der zwischen den Verdunkelungsvorhängen durchschien. Ein in Blockschrift gedrucktes Wort. Er starrte lange Zeit darauf und versuchte, ruhig zu bleiben:"
349,social,YakyuNightOwl.110351000720991008,"Much as we might like some folks, if they are just providing a minor league career to fascists, they probably should wear it.","So sehr wir manche Leute auch schätzen mögen, wenn sie Faschisten nur eine unbedeutende Karriere bieten, sollten sie es vielleicht tragen."
350,social,_hypocaust.110348881246428992,This was the first time (but won't be the last) that Kaveesha Dilhari has both scored 20+ runs & taken 2+ wickets in the same T20I. She joins a select group of Sri Lankan women to have achieved the all-round feat in the format.,"Es war das erste Mal (aber nicht das letzte Mal), dass Kavisha Dilhari mehr als 20 Runs erzielte und mehr als 2 Wickets in derselben Twenty20 International erzielte. Sie gehört damit zu einer ausgewählten Gruppe von Frauen aus Sri Lanka, die dieses Meisterstück in diesem Format vollbracht haben."
384,speech,elitr_minuting-17,"(PERSON4) And I think only two or three sentences were correctly inflected in the incorrect context, like the translation was wrong. And then there are some cases where the translation was totally wrong, because the sentence was really wrong, and the part must be <unintelligible/>, but that was just like one or two cases.","(PERSON4) Und ich glaube, nur zwei oder drei Sätze waren im falschen Kontext korrekt gebeugt, als wäre die Übersetzung falsch. Und dann gibt es einige Fälle, in denen die Übersetzung völlig falsch war, weil der Satz wirklich falsch war, und der Teil muss <unverständlich/> sein, aber das war nur ein oder zwei Mal der Fall."
403,speech,elitr_minuting-19,"(PERSON1) Yeah, because I think it's a method which is very easy to test, and it always should be tested in contrast with the two encoders, and I would expect sometimes to be better and sometimes to be worse than the two encoders set up, depending on the exact task like what exactly is the second thing that you are encoding. So, maybe if you have two copies two paraphrases of the same sentence, maybe it is somehow confusing for the attention so whatever, I don't know. Behaviour also could be different for the old sequence-to-sequence methods, compared to transformer, so for RNN then it behaved differently maybe with transformer it's yeah, it's harder to train so maybe you need to whatever increase warm-ups number, warm-up sets.","(PERSON1) Ja, weil ich denke, dass es sich um eine Methode handelt, die sehr einfach zu testen ist, und sie sollte immer im Vergleich mit den beiden Encodern getestet werden, und ich würde erwarten, dass sie manchmal besser und manchmal schlechter abschneidet als die mit den beiden Encodern, abhängig von der genauen Aufgabe, also was genau das zweite Ding ist, das Sie kodieren. Falls Sie also zwei Kopien, zwei Umschreibungen desselben Satzes haben, ist es vielleicht irgendwie verwirrend für die Aufmerksamkeit, was auch immer, ich weiß es nicht. Das Verhalten könnte bei den alten Sequenz-zu-Sequenz-Methoden verglichen mit dem Transformator auch anders sein, also bei RNN verhält es sich dann anders, vielleicht ist es beim Transformator, ja, schwieriger zu trainieren, also müssen Sie vielleicht die Anzahl der Aufwärmungen, der Aufwärmsätze erhöhen."
423,speech,elitr_minuting-20,"(PERSON7) Yeah, yeah, this is very important to parallelize everything actually, parallelize both the processing of the systems as well as the evaluation of the cell DF, because he would need to run this many times, there will be errors, you need to re-run this quickly.","(PERSON7) Ja, ja, es ist sehr wichtig, alles zu parallelisieren, beides zu parallelisieren, die Verarbeitung der Systeme wie auch die Bewertung der Zell-DF, weil er das viele Male durchführen müsste, es wird Fehler geben, Sie müssen das schnell wiederholen."
426,speech,elitr_minuting-21,"(PERSON1) and then, we'll figure out which packages to install in the Petri environment.","(PERSON1) und dann werden wir herausfinden, welche Pakete wir in der Petri-Umgebung installieren müssen."
429,speech,elitr_minuting-21,"(PERSON1) Yeah, so, I mean, right now, I was doing the same.","(PERSON1) Ja, also, ich meine, gerade jetzt habe ich dasselbe gemacht."
434,speech,elitr_minuting-23,"(PERSON7) Well, okay. So, Yeah, I will check on 21st, and otherwise I will send them an e-mail.","(PERSON7) Gut, okay. Also, ja, ich werde das am 21. überprüfen, und ansonsten werde ich ihnen eine E-Mail schicken."
447,speech,elitr_minuting-3,"(PERSON2) Yeah because well in general, his exams are rather easy.","(PERSON2) Ja, weil, gut, seine Prüfungen sind im Allgemeinen ziemlich einfach."
475,user_review,baby_product-5-en_0428455-56,Musical Start,Musikalischer Start
476,user_review,baby_product-5-en_0428455-56,"The piano is great starters! It finds your child’s inner artistic ability and musical talent. It develops a good hand-eye coordination. The piano isn’t only a play toy, but it actually works and allows your child to play music at an early age. If you want your child to be a future pianist, you should try this product out! Very worth the money!","Das Klavier ist super für den Start! Es legt die inneren künstlerischen Fähigkeiten und das musikalische Talent deines Kindes frei. Es hilft, eine gute Auge-Hand-Koordination zu entwickeln. Das Klavier ist nicht bloß ein Spielzeug, sondern funktioniert wirklich und ermöglicht es deinem Kind, schon im frühen Alter Musik zu machen. Wenn dein Kind in Zukunft Klavierspieler werden soll, solltest du dieses Produkt ausprobieren! Es ist sein Geld auf jeden Fall wert!"
480,user_review,beauty-3-en_0089509-89,"I had bleached my whole head and then dyed over it with a black box dye a few months ago. I then went and had highlights put in all over my head. A few weeks later I put blue/green Arctic Fox hair dye on my hair and it would not fade out. I used this stuff with Olaplex No. 3 and it lightened TREMENDOUSLY all over, removing the green and blue parts as well as lifting the dark box dye. However, after a day I noticed a green tint to my hair. Every day it gets worse and I have used the color extractor twice now, with the same results. My hair is also getting darker where the box dye was. This is a great product it just doesn't seem to last.","Ich habe vor ein paar Monaten mein ganzes Haar gebleicht und dann mit schwarzer Farbe gefärbt. Dann habe ich überall Highlights machen lassen. Ein paar Wochen danach habe ich blaue und grüne Arctic Fox-Haarfarbe in mein Haar gemacht, die einfach nicht verblassen will. Ich habe das hier mit Olaplex No. 3 angewendet und das hat alles DEUTLICH heller gemacht, sodass die grünen und blauen Stellen verschwanden und auch die schwarze Farbe heller wurde. Einen Tag später stellte ich aber einen Grünton in meinen Haaren fest. Der wird jeden Tag schlimmer und ich habe schon zweimal den Haarentfärber angewendet – mit den gleichen Ergebnissen. Mein Haar wird auch dort dunkler, wo ich die Haarfarbe angewendet habe. Das ist ein tolles Produkt, es scheint nur nicht lange zu halten."
486,user_review,digital_ebook_purchase-1-en_0353348-58,"The book was hard to keep up with as it jumped around a lot. Also the title doesn’t fit the story. The author indicated several people were infected by this alien, however left out may details on when or how it happened. I was confused at times and had to go back and re read a lot to make sure I didn’t miss anything.","Es war schwer, dem Buch zu folgen, da es viel hin und her sprang. Der Name passt auch nicht zur Geschichte. Der Autor sagt, dass mehrere Menschen von diesem Alien infiziert wurden, ließ aber Details aus, wann und wie das passierte. Ich war manchmal verwirrt und musste zurückgehen und viele Passagen nochmal lesen, um sicherzustellen, dass ich nichts überlesen habe."
491,user_review,drugstore-1-en_0530458-107,"Avoid Wifi connection- go Bluetooth! I purchased this for my wife in October, 2017. At the time, we were in the middle of relocating and living in a hotel. I couldn't get this scale to connect to the Wifi in the hotel. I decided to wait until we moved into our home and I could set up my own Wifi system. March 2018- I have set up my Wifi system and this scale still won't connect. Every time I try, I get the error message. Even when I am 10' away from the Wifi unit. I followed the YouTube setup video with no success. When I purchased the unit, I thought it would connect directly to my wife's phone (like Bluetooth). Instead, this scale uses the Wifi router to communicate to the phone. This system is limited to the router connection...which is usually not close to the bedroom unlike a cell phone! I wouldn't recommend this scale to anyone because of the Wifi connection. Instead, please look at systems that use Bluetooth for communication. I am replacing this with a Bluetooth connection scale.","Lieber Bluetooth statt WLAN-Verbindung! Ich habe dieses Produkt im Oktober 2017 für meine Frau gekauft. Damals waren wir gerade mitten im Umzug und lebten im Hotel. Ich habe es nicht geschafft, die Waage mit dem WLAN im Hotel zu verbinden. Ich entschloss mich also, zu warten, bis wir in unser eigenes Haus zogen und ich mein eigenes WLAN einrichten konnte. März 2018, ich habe mein WLAN eingerichtet und die Waage lässt sich immer noch nicht verbinden. Jedes Mal, wenn ich es versuche, kriege ich eine Fehlermeldung. Selbst wenn ich nur 10 Fuß von der WLAN-Einheit entfernt bin. Ich habe auch schon erfolglos die Einrichtungsvideos auf YouTube befolgt. Als ich das Gerät gekauft habe, dachte ich, dass es sich direkt mit dem Handy meiner Frau verbinden würde (wie Bluetooth). Stattdessen nutzt diese Waage den WLAN-Router, um mit dem Handy zu kommunizieren. Das System ist auf die Routerverbindung beschränkt… die üblicherweise nicht nahe am Schlafzimmer ist, anders als ein Handy! Aufgrund der WLAN-Verbindung würde ich diese Waage niemandem empfehlen. Schaut euch stattdessen Systeme an, die Bluetooth für die Kommunikation verwenden. Ich werde sie auch durch eine Waage mit Bluetooth-Verbindung ersetzen."
499,user_review,grocery-1-en_0184810-120,"I purchased these in February. Recently I tried to use them and unfortunately each time I try one my Keurig machine gives me an error message that the pod is not compatible with my machine. I have been using Donut Shop pods in my machine since I first purchased it and have never had a problem. Upon closer examination of the coffee pod, I noticed that the code printed on the top of the pod isn't very legible so I can only assume that I have a bad box. I purchased a box of 72 which is 6 boxes of 12 each. I have even tried one from each of the 6 boxes and keep getting the same error message. I know it's not my machine because other pods I try work just fine. It's only out of this shipment that I am having this issue. Very disappointing since my return window has expired. UPDATE: I talked to a customer representative who refunded by money. Thank you AMAZON for your wonderful customer support!","Ich habe die Kapseln im Februar gekauft. Vor Kurzem habe ich versucht, sie zu benutzen, aber leider gibt eine meiner Keurig-Maschinen mir jedes Mal eine Fehlermeldung, dass die Kapsel nicht mit der Maschine kompatibel ist. Ich habe seit dem Kauf Donut Shop-Kapseln in meiner Maschine benutzt und hatte nie ein Problem. Nachdem ich mir die Kaffeekapseln genauer angeguckt habe, habe ich festgestellt, dass der Code oben auf der Kapsel nicht sehr leserlich ist, also nehme ich an, dass ich einen fehlerhaften Karton erhalten habe. Ich habe einen Karton mit 72 Kapseln gekauft, also 6 Packungen à 12 Kapseln. Ich habe sogar aus allen 6 Packungen eine Kapsel ausprobiert, kriege aber immer die gleiche Fehlermeldung. Ich weiß, dass es nicht an meiner Maschine liegt, weil andere Kapseln, die ich ausprobiert habe, problemlos funktionieren. Ich habe nur mit dieser Lieferung Probleme. Sehr enttäuschend, da meine Rücksendefrist schon verstrichen ist. NACHTRAG: Ich habe mit einem Kundendienstmitarbeiter gesprochen, der mir mein Geld erstattet hat. Vielen Dank AMAZON für den wunderbaren Kundendienst!"
508,user_review,jewelry-2-en_0718681-53,"I asked the seller if the color was too yellow before buying and was told it's like antique gold, darker. Nothing close! The set looks VERY cheap. It's super shiny yellow with lots of CZs, even shinier. Looks great on the photo, but in real life I wouldn't even give it to a teenager to wear.","Ich habe den Verkäufer vor dem Kauf gefragt, ob die Farbe nicht zu gelb ist, und mir wurde gesagt, dass sie wie Altgold sei, dunkler. Nicht einmal ansatzweise! Der Artikel sieht SEHR billig aus. Es ist ein supergrelles Gelb mit viel KSZ, noch glitzernder. Sieht auf dem Foto toll aus, aber das echte Ding würde ich nicht einmal einem Teenager geben."
516,user_review,lawn_and_garden-5-en_0731382-102,"I purchased this lamp to supplement the light my new vegetable seedlings were getting from the window. I love many of the features of these lights. Pros: First, they clamp easily onto my shelf, and bend to many positions allowing me to make changes as my plants grow. The lights are cool to the touch, and haven't cause harm even when touching the plants. I believe my veggies have benefited from the lights. The lights are dimmable, but I use the strongest setting only. I have not made use of the timer, preferring to turn them on and off myself. I can see this feature as useful in an office setting with houseplants or if on vacation Cons: I do not believe these lights are strong enough to be the primary light source for nursery plants. The lights are small! When the lights burn out, I will have to buy a whole new unit.","Ich habe diese Lampe gekauft, um das Licht zu verstärken, das meine neuen Gemüsesetzlinge vom Fenster kriegen. Ich liebe viele der Eigenschaften dieser Lampen. Vorteile: Zunächst einmal lassen sie sich leicht an meinem Regal befestigen und in viele Positionen biegen, sodass ich Änderungen vornehmen kann, wenn meine Pflanzen größer werden. Die Leuchten fühlen sich kalt an und haben auch nicht zu Schäden geführt, wenn sie die Pflanzen berührt haben. Ich glaube, dass das Licht meinem Gemüse geholfen hat. Die Leuchten sind dimmbar, aber ich benutze nur die hellste Stufe. Die Zeitschaltuhr habe ich auch noch nicht benutzt, ich schalte sie lieber selber an und aus. Das kann aber in einem Büro mit Zimmerpflanzen nützlich sein oder wenn man im Urlaub ist. Nachteile: Ich glaube nicht, dass diese Leuchten stark genug sind, um als Hauptlichtquelle für aufgezogene Pflanzen zu dienen. Die Leuchten sind klein! Wenn die Birnen durchbrennen, muss ich eine komplett neue Lampe kaufen."
523,user_review,musical_instruments-4-en_0522818-189,Cool concept! Just needs some more improvements to make it a really awesome product,"Cooles Konzept! Braucht nur ein paar Verbesserungen, um es zu einem tollen Produkt zu machen"
527,user_review,other-2-en_0742256-130,"I'm sorry, what? My friend recommended the mask of this line so I bought that, this conditioner, and the all in one milk. I cannot speak for the effectiveness of the product because the smell was just not tolerable. You know that musty smell old buildings use in female restrooms to try to mask the smell of *ladies* but it just turns out as this sour, chemical, kind of musty grandma smell? Ya that's all I can think of when I smell this. You know different strokes different folks so maybe you'll like the smell. My friend said it can help even the most damaged hair, so if you don't care about scent then no worries. I know natural products aren't going to smell as pretty as some synthetic ones but I feel like more and more natural lines just care less since it will sell anyway and so now everything just smells like playdough. I've lost a few favorite lines to them changing the formula to cheaper ingredients. I don't know if that's the case here or if this is a fake (which I called Davines and they said it isn't) but this smells like Y U C K and I had to return it.","Entschuldigung, was? Eine Freundin hatte mir die Maske dieser Marke empfohlen, also habe ich die gekauft, die Spülung und die All-in-one-Milch. Ich kann nicht sagen, ob das Produkt wirkt, weil der Geruch einfach unausstehlich war. Kennt ihr diesen muffigen Geruch, den alte Gebäude in Damentoiletten verwenden, um den Geruch von *Damen* zu überdecken, der dann aber nur ein saurer, chemischer, muffiger Oma-Geruch ist? Das ist das einzige, woran ich denken kann, wenn ich das rieche. Aber über Geschmack lässt sich nicht streiten, vielleicht gefällt der Geruch euch ja. Meine Freundin hat gesagt, dass das selbst dem strapaziertesten Haar hilft, also wenn dir der Geruch nichts ausmacht, keine Sorge. Ich weiß, dass natürliche Produkte nicht so gut riechen wie synthetische, aber ich habe das Gefühl, dass es mehr und mehr natürlichen Marken mittlerweile egal ist, weil es sich sowieso verkauft und deshalb riecht jetzt alles nach Knete. Ich habe schon viele meiner Lieblingsmarken aufgeben müssen, weil die Rezeptur auf billigere Inhaltsstoffe geändert wurde. Ich weiß nicht, ob das hier auch der Fall war oder ob das eine Fälschung ist (ich habe Davines angerufen und sie meinten nein), aber das riecht EKLIG und ich musste es zurückgeben."
531,user_review,pc-2-en_0492445-103,"1 of the fans sounded out of balance out of the box. The speed controls are really wonky -- If you dial them to 100% the fans will shut off, so you need to turn it to 100% then dial it back slowly until the come back on. Build quality is mediocre, but this seems to be par for most of these types of product at this price point. The feet for holding the laptop up when it's inclined have snapped off a few times... They go back in, but it happens enough to be annoying. On a positive note, this has ideal fan placement for laptops that intake air from vents located near the top of the laptop. Many other coolers have fans toward the middle and provide very little additional airflow to a laptop with such a cooling configuration.","Einer der Lüfter lief schon direkt nach dem Auspacken nicht rund. Die Geschwindigkeitssteuerung ist wirklich merkwürdig: wenn man sie auf 100 % stellt, gehen die Lüfter aus, man muss sie also auf 100 % stellen und dann etwas zurücknehmen, bis sie wieder angehen. Die Verarbeitung ist mittelmäßig, aber das scheint für Produkte in dieser Preisspanne normal zu sein. Die Ständer, die den Laptop halten, sind schon ein paar Mal abgegangen… Sie lassen sich wieder einstecken, aber es passiert so oft, dass es nervt. Positiv kann ich festhalten, dass die Lüfterposition ideal ist für Laptops, die Luft über Lüftungsschlitze oben auf dem Laptop ansaugen. Viele andere Kühler haben Lüfter in der Mitte und bieten Laptops mit solch einer Kühlung wenig extra Luftstrom."
539,user_review,sports-4-en_0513789-90,Great backpack but overkill on the straps,"Toller Rucksack, aber bei den Riemen übertrieben"
541,user_review,sports-5-en_0058939-71,My dog hasnt destroyed it yet,Meine Hündin hat sie noch nicht zerstört
553,user_review,video_games-3-en_0470157-121,"It has a slimmer design shape that fits better in the hands, there are no sharp corners to snag on and with the power cord as a permanent attachment, it's far less prone to damage than the original XB1 controller. The downsides are: 1) The vibration effect that is triggered in action gaming feels much weaker. 2) The controller's directional joystick and buttons wear out very quickly. We are very heavy handed and tend to wear out 2-3 controllers per year. So for us, making investments in controllers yearly means we have to be picky and prudent about what we purchase. The controller could do with more durable springs; after a couple months, buttons that are used the most stop responding and the right joystick loses it's centering, IE- makes map screens zoom in and characters walk forwards without even touching the controls.","Der Controller hat ein schmaleres Design, das besser in der Hand liegt, und keine spitzen Ecken, an denen man sich verfängt. Mit dem Stromkabel, das permanent angebracht ist, wird er auch lange nicht so schnell beschädigt wie der ursprüngliche XB1-Controller. Die Nachteile sind: 1) Der Vibrationseffekt, der in Action-Spielen ausgelöst wird, fühlt sich deutlich schwächer an. 2) Der Richtungs-Joystick und die Knöpfe des Controllers nutzen schnell ab. Wir spielen ziemlich kraftvoll und brauchen 2–3 Controller im Jahr. Wenn wir jährlich in Controller investieren, müssen wir also wählerisch sein und gut aufpassen, welche wir kaufen. Der Controller könnte solidere Federn haben, denn nach nur ein paar Monaten reagieren die Knöpfe, die am meisten benutzt werden, nicht mehr und der rechte Joystick bleibt nicht mehr in der Mitte, zoomt also plötzlich in Übersichtskarten hinein oder lässt Charaktere vorwärts laufen, ohne dass man die Steuerelemente berührt."
555,user_review,watch-2-en_0222650-78,"I was disappointed upon receiving this item as the silver part that goes around the face appeared to be made of some sort of cheap plastic. It's not the fact that it was made of plastic that disappointed me as much as the fact that the plastic used made it look incredibly cheap. For me, this detail ruined the whole look for me. I also did not trust it to hold up to everyday wear so I ended up returning it. I was disappointed because it seemed like it would have been a good deal if it had not been for that. However, it you can overlook that, then it might be right for you. It was packaged well and did arrive quickly.","Ich war sehr enttäuscht, als ich den Artikel erhalten habe, weil der Silberteil, der um das Blatt geht, aus einer Art sehr billigem Plastik gemacht scheint. Was mich enttäuscht ist nicht die Tatsache, dass er aus Plastik ist, sondern dass das verwendete Plastik die Uhr unglaublich billig aussehen lässt. Dieses Detail hat für mich das gesamte Aussehen ruiniert. Ich habe auch nicht darauf vertraut, dass sie dem täglichen Tragen standhalten würde, und so habe ich sie zurückgeschickt. Ich war enttäuscht, weil es ein gutes Angebot schien, wenn das nicht gewesen wäre. Wenn das für Sie kein Problem ist, könnte das ein gutes Angebot für Sie sein. Sie war gut verpackt und kam schnell an."
