pair,strategy,system,is_best_bleurt_baseline,aligned_sentence_count,sacrebleu,chrf_pp
de-en,it,G35,False,51,42.035991557587735,67.26532613159856
de-en,it,G4o,False,51,49.0875585465028,69.67034441340141
de-en,it,C3,True,51,49.00946353079079,69.68569852754662
de-en,it,C35,False,51,48.34915065854084,69.39492111425164
de-en,it,GP,False,51,32.494493024562075,62.936998434985966
de-en,it,MEPRS,False,51,47.914272174778596,70.16762793857235
de-en,tear,G35,False,51,44.108590761330994,66.64643084758113
de-en,tear,G4o,False,51,44.76291765764684,65.15046191234977
de-en,tear,C3,False,51,47.76693979778664,69.00275300365992
de-en,tear,C35,True,51,48.490810731650576,68.85885614626763
de-en,tear,GP,False,51,46.169837805105516,66.82890970029463
de-en,tear,MEPRS,False,51,50.118453680114236,70.90641530798328
en-de,it,G35,False,51,35.78134682516878,55.03991504342327
en-de,it,G4o,False,51,44.44650411126214,69.6538876095478
en-de,it,C3,False,51,44.37084346785079,68.34436620084628
en-de,it,C35,True,51,45.61808587551271,68.26018618081989
en-de,it,GP,False,51,40.13866462813446,66.54895615673149
en-de,it,MEPRS,False,51,46.38729297214298,69.47300790173414
en-de,tear,G35,False,51,47.44418970426812,69.29640880711932
en-de,tear,G4o,False,51,47.97301420128468,69.99696721332992
en-de,tear,C3,True,51,43.603371366136265,67.61305898488274
en-de,tear,C35,False,51,45.76770364376306,68.28620962793082
en-de,tear,GP,False,51,38.420560809781854,65.12771315579661
en-de,tear,MEPRS,False,51,47.93854088974284,70.4108604005086
en-he,it,G35,False,69,16.627094184791478,35.719150786241165
en-he,it,G4o,False,69,36.41467974615144,65.21151390651195
en-he,it,C3,False,69,36.680113064477254,63.71154314619888
en-he,it,C35,True,69,40.269667476810135,65.46826051996577
en-he,it,GP,False,69,24.490870322167833,58.36807601169197
en-he,it,MEPRS,False,69,41.38188415598017,65.18443660380736
en-he,tear,G35,False,69,26.195927587454058,54.52628287390666
en-he,tear,G4o,True,69,40.95274246220598,65.36959713325433
en-he,tear,C3,False,69,39.654481034676614,65.38755351917669
en-he,tear,C35,False,69,40.92778888204662,65.97428571972526
en-he,tear,GP,False,69,12.666263577990845,45.920852635654214
en-he,tear,MEPRS,False,69,41.026280703333406,66.41545466528099
en-ru,it,G35,False,51,25.868735575947944,50.65155766772408
en-ru,it,G4o,False,51,33.352685507622205,59.10018598343692
en-ru,it,C3,False,51,42.419998361951684,63.502312207701415
en-ru,it,C35,True,51,37.74628371343114,60.61051899001741
en-ru,it,GP,False,51,27.805074308945134,56.64042118315204
en-ru,it,MEPRS,False,51,42.279651770517475,64.68301606278276
en-ru,tear,G35,False,51,31.764882882151436,56.08355322969963
en-ru,tear,G4o,False,51,36.44324148106285,59.09318576570921
en-ru,tear,C3,True,51,37.22177978974511,60.50654941107756
en-ru,tear,C35,False,51,39.92850871730857,61.18505480082829
en-ru,tear,GP,False,51,9.67366931188978,38.846396350574764
en-ru,tear,MEPRS,False,51,44.15930286495081,64.48970088836562
en-zh,it,G35,False,48,5.798872867051996,20.29031128451931
en-zh,it,G4o,False,48,4.569625565156689,24.45269965708747
en-zh,it,C3,False,48,1.195924344998676,22.354292682337956
en-zh,it,C35,True,48,3.7750230430592717,24.268921008429743
en-zh,it,GP,False,48,1.6690642447552253,22.848263096221316
en-zh,it,MEPRS,False,48,2.2129472420665564,26.85788877042667
en-zh,tear,G35,False,48,7.872115796844115,23.529372639558925
en-zh,tear,G4o,False,48,7.602783802788377,23.663377760806853
en-zh,tear,C3,False,48,2.794608920642526,23.655390310172102
en-zh,tear,C35,True,48,6.7636177077274855,24.72409739426975
en-zh,tear,GP,False,48,0.04631741562044946,4.059657424355814
en-zh,tear,MEPRS,False,48,0.8546817242216749,11.442233848775892
he-en,it,G35,False,69,40.0225706322075,67.35891912122459
he-en,it,G4o,True,69,56.17046051313549,73.86530386297655
he-en,it,C3,False,69,57.290497362126104,74.02589250145016
he-en,it,C35,False,69,51.320392641764506,71.41049627229708
he-en,it,GP,False,69,36.26968689096974,64.97458645158413
he-en,it,MEPRS,False,69,63.363370223931405,79.02600885701555
he-en,tear,G35,False,69,47.62870300648109,68.24338582454766
he-en,tear,G4o,False,69,49.4885935397913,69.0264595616701
he-en,tear,C3,True,69,52.71621520833194,71.08973949458827
he-en,tear,C35,False,69,48.61915943788052,69.44129119043907
he-en,tear,GP,False,69,25.811798674555153,58.599250201862695
he-en,tear,MEPRS,False,69,57.711839706075025,75.43101112524087
ru-en,it,G35,False,51,31.97905486849589,57.26198038913248
ru-en,it,G4o,False,51,36.323453353069176,60.05202311499135
ru-en,it,C3,False,51,37.14099690129151,60.54630890345969
ru-en,it,C35,True,51,36.25795387300515,60.01874812990214
ru-en,it,GP,False,51,31.250729196528646,57.440152430829315
ru-en,it,MEPRS,False,51,42.94540762820155,64.63627941114197
ru-en,tear,G35,False,51,32.43750428310369,56.90748152890399
ru-en,tear,G4o,False,51,33.776585428087174,58.02317895857219
ru-en,tear,C3,False,51,37.06939713860549,60.55235658539312
ru-en,tear,C35,True,51,37.323319056057926,60.69324449672422
ru-en,tear,GP,False,51,18.38281089731662,48.69274647938624
ru-en,tear,MEPRS,False,51,42.55302302818218,64.25251901100275
zh-en,it,G35,False,48,24.757072700691783,48.74572445174686
zh-en,it,G4o,False,48,27.96362851135504,49.03311862589349
zh-en,it,C3,False,48,25.292220768694275,48.933182533578304
zh-en,it,C35,True,48,27.05512845114592,50.2349601161298
zh-en,it,GP,False,48,20.241366934620917,45.86797709161454
zh-en,it,MEPRS,False,48,26.114422534878152,50.92263618898385
zh-en,tear,G35,False,48,24.817135944820574,48.29950045229791
zh-en,tear,G4o,False,48,25.474414954150166,48.323063247143935
zh-en,tear,C3,False,48,24.48229343733269,49.59057126552999
zh-en,tear,C35,True,48,25.969671501425506,49.24044303172631
zh-en,tear,GP,False,48,21.171302007048787,46.62502417803179
zh-en,tear,MEPRS,False,48,28.44026348398663,52.40418314319362
